experiment_id,users,arrival_rate,traffic_pattern,algorithm,architecture,distributed_latency,failure_rate,fail_closed,rate_limit,simulation_duration,throughput_mean,throughput_std,acceptance_rate_mean,acceptance_rate_std,rejection_rate_mean,rejection_rate_std,p95_latency_mean,p95_latency_std,jain_fairness_mean,jain_fairness_std,limit_overshoot_mean,limit_overshoot_std
1,20,50.0,constant,sliding_window,local,0,0.0,True,50,10.0,49.5,0.0,0.9880239520958084,0.0,0.011976047904191616,1.734723475976807e-18,0.0,0.0,0.9624782696124682,0.013228377068445341,0.0,0.0
2,20,50.0,constant,token_bucket,local,0,0.0,True,50,10.0,50.1,0.0,1.0,0.0,0.0,0.0,0.0,0.0,0.9636583967102557,0.013588060601138024,2.0,0.0
3,20,50.0,constant,leaky_bucket,local,0,0.0,True,50,10.0,50.1,0.0,1.0,0.0,0.0,0.0,0.0,0.0,0.962100680354149,0.011655957697823627,2.0,0.0
4,20,50.0,poisson,sliding_window,local,0,0.0,True,50,10.0,44.89,0.9071383576941277,0.9015730826645273,0.027829762028671545,0.09842691733547257,0.027829762028671542,0.0,0.0,0.9619787462604117,0.012932728414374782,0.0,0.0
5,20,50.0,poisson,token_bucket,local,0,0.0,True,50,10.0,49.85,2.232151428554972,0.9993824650756783,0.0029415495043368517,0.0006175349243217896,0.0029415495043368495,0.0,0.0,0.9619209049830469,0.013785074141758183,32.56,11.05650939492207
6,20,50.0,poisson,leaky_bucket,local,0,0.0,True,50,10.0,50.19799999999999,1.986906137692468,0.999479051357335,0.002262107147719595,0.0005209486426650935,0.002262107147719588,0.4673441456674926,0.2277842661844295,0.9636613728143133,0.011784323468961983,32.44,9.619064403568572
7,20,50.0,ramp,sliding_window,local,0,0.0,True,50,10.0,30.590000000000003,1.5326121492406353,0.9779654818695956,0.01982649292280451,0.02203451813040447,0.019826492922804514,0.0,0.0,0.9416930133577178,0.019994142193604337,0.0,0.0
8,20,50.0,ramp,token_bucket,local,0,0.0,True,50,10.0,31.256000000000004,1.5875969261749023,1.0,0.0,0.0,0.0,0.0,0.0,0.9457761207848003,0.017154760032030248,12.12,8.785533563762648
9,20,50.0,ramp,leaky_bucket,local,0,0.0,True,50,10.0,30.872,1.905155111795362,1.0,0.0,0.0,0.0,0.1226424787825371,0.050856939117098356,0.9389925955064798,0.013950345420545218,10.08,8.409137886846667
10,20,100.0,constant,sliding_window,local,0,0.0,True,50,10.0,50.0,0.0,0.4995004995004995,0.0,0.5004995004995005,0.0,0.0,0.0,0.9637211854912264,0.011844188421933091,0.0,0.0
11,20,100.0,constant,token_bucket,local,0,0.0,True,50,10.0,54.9,0.0,0.5484515484515484,0.0,0.45154845154845147,5.551115123125783e-17,0.0,0.0,0.9670534305040016,0.009694459313373547,98.0,0.0
12,20,100.0,constant,leaky_bucket,local,0,0.0,True,50,10.0,54.9,0.0,0.5484515484515484,0.0,0.45154845154845147,5.551115123125783e-17,0.9800000000000008,1.1102230246251565e-16,0.9646600192557411,0.01103954311914286,98.0,0.0
13,20,100.0,poisson,sliding_window,local,0,0.0,True,50,10.0,49.97,0.12369316876852952,0.49703338838695055,0.01268971834562672,0.5029666116130495,0.012689718345626717,0.0,0.0,0.9629782347231419,0.011779345062645125,0.0,0.0
14,20,100.0,poisson,token_bucket,local,0,0.0,True,50,10.0,54.802,0.1157410903698417,0.5466767674015597,0.01681778697522549,0.4533232325984404,0.01681778697522549,0.0,0.0,0.9654809792897433,0.010917579102076564,93.52,7.04908504701142
15,20,100.0,poisson,leaky_bucket,local,0,0.0,True,50,10.0,54.81799999999999,0.10712609392673547,0.5421260980456694,0.015023909450967937,0.45787390195433053,0.015023909450967935,0.9792004739696064,0.00016208113268746145,0.9686621288318729,0.01033341223748392,93.2,7.44043009509531
16,20,100.0,ramp,sliding_window,local,0,0.0,True,50,10.0,44.275999999999996,0.9124823285960119,0.7088186990407724,0.02438786623574287,0.2911813009592273,0.02438786623574286,0.0,0.0,0.9594955210106504,0.014178761872257598,0.0,0.0
17,20,100.0,ramp,token_bucket,local,0,0.0,True,50,10.0,50.014,1.0049895521844991,0.8022296419340254,0.026089028692090163,0.19777035806597468,0.026089028692090163,0.0,0.0,0.9609455380058204,0.010557684082230808,53.56,7.962813573103417
18,20,100.0,ramp,leaky_bucket,local,0,0.0,True,50,10.0,49.886,1.103269685978909,0.7917812782077077,0.023028451547438322,0.20821872179229226,0.023028451547438315,0.977392532240495,0.0005762841947508648,0.9622137652314109,0.013352287433536301,58.36,10.723357683113997
19,50,50.0,constant,sliding_window,local,0,0.0,True,50,10.0,49.5,0.0,0.9880239520958084,0.0,0.011976047904191616,1.734723475976807e-18,0.0,0.0,0.9072609762765244,0.015988828168980136,0.0,0.0
20,50,50.0,constant,token_bucket,local,0,0.0,True,50,10.0,50.1,0.0,1.0,0.0,0.0,0.0,0.0,0.0,0.911248931677006,0.014807983829291497,2.0,0.0
21,50,50.0,constant,leaky_bucket,local,0,0.0,True,50,10.0,50.1,0.0,1.0,0.0,0.0,0.0,0.0,0.0,0.9127874762964835,0.017615125952190034,2.0,0.0
22,50,50.0,poisson,sliding_window,local,0,0.0,True,50,10.0,44.86600000000001,0.8805929820297234,0.9055269298611321,0.027819544277938608,0.0944730701388679,0.027819544277938604,0.0,0.0,0.9013560326479236,0.021076853906886617,0.0,0.0
23,50,50.0,poisson,token_bucket,local,0,0.0,True,50,10.0,49.89200000000001,1.9089096364155116,0.9998872180451127,0.0007894736842105246,0.00011278195488721803,0.0007894736842105261,0.0,0.0,0.9129314585802301,0.01622357952706272,32.8,7.807688518377255
24,50,50.0,poisson,leaky_bucket,local,0,0.0,True,50,10.0,50.14599999999999,1.8628161476646052,0.9991578947368421,0.005894736842105266,0.0008421052631578947,0.0058947368421052625,0.46382077602036476,0.189135363375017,0.9091389056696895,0.019743268491795488,32.84,7.746896152653655
25,50,50.0,ramp,sliding_window,local,0,0.0,True,50,10.0,30.526,1.5900704386913178,0.9823152156039039,0.016932430292840465,0.017684784396096085,0.016932430292840465,0.0,0.0,0.8589790934546585,0.024975545735985313,0.0,0.0
26,50,50.0,ramp,token_bucket,local,0,0.0,True,50,10.0,31.144000000000002,1.8039024363861809,1.0,0.0,0.0,0.0,0.0,0.0,0.8673667246650757,0.024542225058543015,10.16,9.698164774842713
27,50,50.0,ramp,leaky_bucket,local,0,0.0,True,50,10.0,31.424,1.7717290989313232,1.0,0.0,0.0,0.0,0.13843620860574768,0.07842845029008881,0.8663801959534579,0.027375322219089105,10.84,9.944566355553167
28,50,100.0,constant,sliding_window,local,0,0.0,True,50,10.0,50.0,0.0,0.4995004995004995,0.0,0.5004995004995005,0.0,0.0,0.0,0.9152169767478487,0.015251440240200892,0.0,0.0
29,50,100.0,constant,token_bucket,local,0,0.0,True,50,10.0,54.9,0.0,0.5484515484515484,0.0,0.45154845154845147,5.551115123125783e-17,0.0,0.0,0.9165102593723569,0.018351812547747298,98.0,0.0
30,50,100.0,constant,leaky_bucket,local,0,0.0,True,50,10.0,54.9,0.0,0.5484515484515484,0.0,0.45154845154845147,5.551115123125783e-17,0.9800000000000008,1.1102230246251565e-16,0.9162948648975261,0.01580923025253106,98.0,0.0
31,50,100.0,poisson,sliding_window,local,0,0.0,True,50,10.0,49.982000000000006,0.07399999999999979,0.5000480402235263,0.016150910762865796,0.4999519597764737,0.0161509107628658,0.0,0.0,0.9100948315970182,0.018756584901599312,0.0,0.0
32,50,100.0,poisson,token_bucket,local,0,0.0,True,50,10.0,54.84,0.07999999999999897,0.5475003765271601,0.016865237394059877,0.4524996234728399,0.016865237394059884,0.0,0.0,0.9179832082893937,0.015405830532245847,94.96,5.854775828330235
33,50,100.0,poisson,leaky_bucket,local,0,0.0,True,50,10.0,54.836000000000006,0.07418894796396493,0.5492058788535431,0.019167078107034528,0.450794121146457,0.01916707810703454,0.9791909571868789,0.00015687530250981188,0.9183376092411528,0.015212359616004638,93.12,6.837075398150879
34,50,100.0,ramp,sliding_window,local,0,0.0,True,50,10.0,44.38000000000001,0.8588364221433561,0.7120587367278093,0.022580976743237568,0.2879412632721908,0.022580976743237568,0.0,0.0,0.9069070257769538,0.015924702734563253,0.0,0.0
35,50,100.0,ramp,token_bucket,local,0,0.0,True,50,10.0,49.942,1.0695961854831009,0.8027632477937934,0.021431872840686893,0.19723675220620662,0.021431872840686893,0.0,0.0,0.9120573444421559,0.013238242242788991,58.72,10.014070101612031
36,50,100.0,ramp,leaky_bucket,local,0,0.0,True,50,10.0,50.001999999999995,1.0694839877249216,0.806714328246082,0.028202731719520927,0.19328567175391784,0.028202731719520934,0.9771421181024741,0.000800620776649464,0.9094889551590363,0.016059262758705888,55.6,7.828154316312371
37,20,50.0,constant,sliding_window,distributed,1.0,0.01,True,50,10.0,49.10800000000001,0.20478281177872268,0.9801996007984032,0.004087481273028397,0.019800399201596805,0.0040874812730284085,0.001000000000000334,0.0,0.9598304984336617,0.012303079433949335,0.0,0.0
38,20,50.0,constant,sliding_window,distributed,1.0,0.03,True,50,10.0,48.352,0.34597109705869933,0.9651097804391218,0.006905610719734529,0.03489021956087825,0.00690561071973452,0.001000000000000334,0.0,0.9644526929417825,0.01034385485939182,0.0,0.0
39,20,50.0,constant,sliding_window,distributed,10.0,0.01,True,50,10.0,49.14,0.1743559577416266,0.9808383233532934,0.003480158837158211,0.019161676646706587,0.0034801588371582226,0.010000000000000009,0.0,0.9607896075366934,0.010601534527157954,0.0,0.0
40,20,50.0,constant,sliding_window,distributed,10.0,0.03,True,50,10.0,48.403999999999996,0.3199749990233612,0.9661477045908182,0.006386726527412394,0.03385229540918164,0.006386726527412399,0.010000000000000009,0.0,0.9624364684074603,0.011390615100640203,0.0,0.0
41,20,50.0,constant,token_bucket,distributed,1.0,0.01,True,50,10.0,49.608000000000004,0.18529975715040736,0.9901796407185627,0.003698597947113921,0.009820359281437126,0.0036985979471139225,0.001000000000000334,0.0,0.9645778798709563,0.011169962284437238,2.0,0.0
42,20,50.0,constant,token_bucket,distributed,1.0,0.03,True,50,10.0,48.62,0.45077710678338617,0.9704590818363275,0.00899754704158454,0.029540918163672648,0.008997547041584548,0.001000000000000334,0.0,0.9635365970133595,0.009653637702778934,1.96,0.27999999999999997
43,20,50.0,constant,token_bucket,distributed,10.0,0.01,True,50,10.0,49.618,0.23211204191079782,0.990379241516966,0.004632974888439074,0.00962075848303393,0.00463297488843908,0.010000000000000009,0.0,0.965091591315187,0.010162561016122264,2.0,0.0
44,20,50.0,constant,token_bucket,distributed,10.0,0.03,True,50,10.0,48.614,0.37202688074922746,0.9703393213572855,0.007425686242499546,0.02966067864271457,0.0074256862424995525,0.010000000000000009,0.0,0.9628614134966257,0.013569739560462242,1.92,0.39191835884530857
45,20,50.0,constant,leaky_bucket,distributed,1.0,0.01,True,50,10.0,49.578,0.22386603136697608,0.9895808383233533,0.004468383859620273,0.010419161676646709,0.004468383859620285,0.001000000000000334,0.0,0.966338450872254,0.011004183784982639,2.0,0.0
46,20,50.0,constant,leaky_bucket,distributed,1.0,0.03,True,50,10.0,48.641999999999996,0.3406405730385041,0.9708982035928144,0.006799213034700656,0.029101796407185628,0.006799213034700668,0.001000000000000334,0.0,0.9631104741278789,0.010811324442035896,1.92,0.39191835884530857
47,20,50.0,constant,leaky_bucket,distributed,10.0,0.01,True,50,10.0,49.59400000000001,0.25172206895701466,0.9899001996007983,0.005024392593952379,0.010099800399201598,0.005024392593952386,0.010000000000000009,0.0,0.9656922806749513,0.009023905865487217,2.0,0.0
48,20,50.0,constant,leaky_bucket,distributed,10.0,0.03,True,50,10.0,48.632,0.39519109301703637,0.970698602794411,0.00788804576880311,0.02930139720558882,0.007888045768803123,0.010000000000000009,0.0,0.9626568582837264,0.01037367058551231,1.84,0.5425863986500215
49,20,50.0,poisson,sliding_window,distributed,1.0,0.01,True,50,10.0,44.684,1.0076427938510748,0.8966652017695503,0.028139214765486167,0.10333479823044968,0.02813921476548616,0.001000000000000334,0.0,0.9566896341465869,0.013980848039774812,0.0,0.0
50,20,50.0,poisson,sliding_window,distributed,1.0,0.03,True,50,10.0,44.53200000000001,1.022045008793644,0.8893504334094233,0.02281173093719136,0.11064956659057688,0.022811730937191365,0.001000000000000334,0.0,0.9579863026357269,0.012132664245506982,0.0,0.0
51,20,50.0,poisson,sliding_window,distributed,10.0,0.01,True,50,10.0,44.996,0.8639351827538918,0.8993543762990994,0.028942301743708918,0.10064562370090066,0.028942301743708914,0.010000000000000009,0.0,0.9596323246723638,0.014357507741833765,0.0,0.0
52,20,50.0,poisson,sliding_window,distributed,10.0,0.03,True,50,10.0,44.211999999999996,1.2694313687631955,0.8923303705130878,0.02386675718684854,0.10766962948691214,0.02386675718684853,0.010000000000000009,0.0,0.9573931366402165,0.010560018201428975,0.0,0.0
53,20,50.0,poisson,token_bucket,distributed,1.0,0.01,True,50,10.0,49.258,1.787634190767228,0.9910472031300965,0.00413350406003424,0.00895279686990345,0.004133504060034239,0.001000000000000334,0.0,0.9647301652021494,0.011389933681143617,30.12,7.811888376058634
54,20,50.0,poisson,token_bucket,distributed,1.0,0.03,True,50,10.0,48.41400000000001,2.3424781749250085,0.9698594327216145,0.007474175450131538,0.030140567278385596,0.0074741754501315375,0.001000000000000334,0.0,0.9633450439071712,0.012091015620819606,29.68,9.150825099410435
55,20,50.0,poisson,token_bucket,distributed,10.0,0.01,True,50,10.0,49.918,1.9359431809844005,0.9895063791131885,0.006178006164843578,0.010493620886811595,0.006178006164843581,0.010000000000000009,0.0,0.9638118652336398,0.008981972830333343,31.92,8.854016037934425
56,20,50.0,poisson,token_bucket,distributed,10.0,0.03,True,50,10.0,48.45,2.27404925188528,0.9697498919710082,0.007087621968213461,0.030250108028991782,0.00708762196821347,0.010000000000000009,0.0,0.9616730154871357,0.010368697403686969,29.6,8.284926070883191
57,20,50.0,poisson,leaky_bucket,distributed,1.0,0.01,True,50,10.0,49.724000000000004,2.162272878246407,0.9880850762303243,0.006732056762486651,0.011914923769675739,0.006732056762486652,0.4658423471531476,0.19036054626079407,0.9670752147203359,0.011426420278242845,33.52,8.08514687559849
58,20,50.0,poisson,leaky_bucket,distributed,1.0,0.03,True,50,10.0,48.23,2.1366562662253368,0.9695476633101779,0.006704742011324497,0.03045233668982215,0.006704742011324501,0.3273783426147805,0.12930375482755324,0.9624818870420895,0.013692120534515276,27.36,6.367919597482367
59,20,50.0,poisson,leaky_bucket,distributed,10.0,0.01,True,50,10.0,49.496,1.944629527699299,0.9901961233493517,0.004261050259167065,0.009803876650648169,0.004261050259167068,0.420175117780535,0.18596800533648142,0.9665421221962016,0.010142941125872114,31.64,8.905638663229045
60,20,50.0,poisson,leaky_bucket,distributed,10.0,0.03,True,50,10.0,48.722,2.105354126981967,0.970627472521857,0.00711129736597072,0.02937252747814293,0.007111297365970721,0.37456328335123695,0.1809755405629139,0.9652755638788416,0.009898139070336459,29.28,10.313176038447127
61,20,50.0,ramp,sliding_window,distributed,1.0,0.01,True,50,10.0,30.340000000000003,1.6087262041752162,0.973194232017163,0.013317088165312654,0.02680576798283694,0.01331708816531265,0.001000000000000334,0.0,0.9422448366034857,0.01657802581345519,0.0,0.0
62,20,50.0,ramp,sliding_window,distributed,1.0,0.03,True,50,10.0,29.573999999999998,1.6526112670558677,0.9531719890575231,0.017678710670854372,0.04682801094247704,0.017678710670854376,0.001000000000000334,0.0,0.9377454042041182,0.02137175838741307,0.0,0.0
63,20,50.0,ramp,sliding_window,distributed,10.0,0.01,True,50,10.0,30.348,1.6345323490221904,0.9715176260042913,0.019406661081694747,0.02848237399570866,0.01940666108169475,0.010000000000000009,0.0,0.944336741021179,0.018498499955155807,0.0,0.0
64,20,50.0,ramp,sliding_window,distributed,10.0,0.03,True,50,10.0,30.105999999999998,1.628914976295571,0.9569618431897575,0.012808357563220315,0.04303815681024246,0.012808357563220312,0.010000000000000009,0.0,0.9423336605396966,0.015287791738575881,0.0,0.0
65,20,50.0,ramp,token_bucket,distributed,1.0,0.01,True,50,10.0,30.631999999999998,1.985592103126924,0.9914303959055024,0.004560737549387867,0.00856960409449745,0.004560737549387875,0.001000000000000334,0.0,0.9387838567907232,0.019466097806460553,11.12,10.955619562580658
66,20,50.0,ramp,token_bucket,distributed,1.0,0.03,True,50,10.0,30.424,1.778826579518082,0.9697337647215059,0.00913487168786622,0.030266235278494036,0.009134871687866215,0.001000000000000334,0.0,0.9410051422160274,0.014094987902865489,9.6,8.323460818673924
67,20,50.0,ramp,token_bucket,distributed,10.0,0.01,True,50,10.0,30.913999999999998,1.7494010403563842,0.99064028643292,0.0046618552011295404,0.009359713567079993,0.004661855201129546,0.010000000000000009,0.0,0.9421346906038339,0.016527623365142904,9.88,9.418365038582865
68,20,50.0,ramp,token_bucket,distributed,10.0,0.03,True,50,10.0,29.858,1.5341564457381784,0.9678132137914167,0.00927932661314844,0.03218678620858331,0.009279326613148443,0.010000000000000009,0.0,0.9415472810983134,0.020228048505768568,7.6,7.557777451076475
69,20,50.0,ramp,leaky_bucket,distributed,1.0,0.01,True,50,10.0,30.921999999999997,1.6446628833897845,0.9897719761385092,0.004349708927903207,0.010228023861490836,0.0043497089279032055,0.13355863791607286,0.0590363228283866,0.9411308821207863,0.019632148990730697,11.08,10.041593499041873
70,20,50.0,ramp,leaky_bucket,distributed,1.0,0.03,True,50,10.0,30.292,1.930889950256099,0.9699289740400835,0.010903129098023663,0.030071025959916606,0.010903129098023665,0.12256291543027739,0.06792963452383181,0.9394517447131299,0.01798019332972948,10.2,9.450925880568528
71,20,50.0,ramp,leaky_bucket,distributed,10.0,0.01,True,50,10.0,30.967999999999996,1.8361307143011363,0.9899997522953421,0.004784517180677411,0.010000247704657697,0.0047845171806774126,0.13526982772160898,0.06377518138391458,0.9398805471197771,0.016370240609057864,9.68,9.32403346197342
72,20,50.0,ramp,leaky_bucket,distributed,10.0,0.03,True,50,10.0,30.638,1.693740239824277,0.9708572930879058,0.008232713381360115,0.029142706912094196,0.008232713381360116,0.12477608958679624,0.05577870756229132,0.9445426362139656,0.01677152682704392,8.6,8.973293709669822
73,20,100.0,constant,sliding_window,distributed,1.0,0.01,True,50,10.0,50.0,0.0,0.4995004995004995,0.0,0.5004995004995005,0.0,0.001000000000000334,0.0,0.9645008205101431,0.01356475676122211,0.0,0.0
74,20,100.0,constant,sliding_window,distributed,1.0,0.03,True,50,10.0,50.0,0.0,0.4995004995004995,0.0,0.5004995004995005,0.0,0.001000000000000334,0.0,0.9641889189381597,0.009928811379321294,0.0,0.0
75,20,100.0,constant,sliding_window,distributed,10.0,0.01,True,50,10.0,50.0,0.0,0.4995004995004995,0.0,0.5004995004995005,0.0,0.010000000000000009,0.0,0.9646218462030346,0.010252586596228,0.0,0.0
76,20,100.0,constant,sliding_window,distributed,10.0,0.03,True,50,10.0,50.0,0.0,0.4995004995004995,0.0,0.5004995004995005,0.0,0.010000000000000009,0.0,0.9656896954287082,0.009438166247407273,0.0,0.0
77,20,100.0,constant,token_bucket,distributed,1.0,0.01,True,50,10.0,54.9,0.0,0.5484515484515484,0.0,0.45154845154845147,5.551115123125783e-17,0.001000000000000334,0.0,0.9641913046710949,0.011871470197397616,97.2,1.2649110640673518
78,20,100.0,constant,token_bucket,distributed,1.0,0.03,True,50,10.0,54.9,0.0,0.5484515484515484,0.0,0.45154845154845147,5.551115123125783e-17,0.001000000000000334,0.0,0.9646287252731502,0.01043806547402016,93.2,3.440930106817051
79,20,100.0,constant,token_bucket,distributed,10.0,0.01,True,50,10.0,54.9,0.0,0.5484515484515484,0.0,0.45154845154845147,5.551115123125783e-17,0.010000000000000009,0.0,0.9657482739112137,0.008970412612525736,97.24,1.7385051049680587
80,20,100.0,constant,token_bucket,distributed,10.0,0.03,True,50,10.0,54.9,0.0,0.5484515484515484,0.0,0.45154845154845147,5.551115123125783e-17,0.010000000000000009,0.0,0.9683584408155015,0.010159437595204228,94.96,2.8068487668558135
81,20,100.0,constant,leaky_bucket,distributed,1.0,0.01,True,50,10.0,54.9,0.0,0.5484515484515484,0.0,0.45154845154845147,5.551115123125783e-17,0.9810000000000006,1.1102230246251565e-16,0.967078377956936,0.010049378504514978,97.36,1.162067123706716
82,20,100.0,constant,leaky_bucket,distributed,1.0,0.03,True,50,10.0,54.9,0.0,0.5484515484515484,0.0,0.45154845154845147,5.551115123125783e-17,0.9810000000000006,1.1102230246251565e-16,0.9671633011406644,0.00979733796054455,94.56,2.8576913759186806
83,20,100.0,constant,leaky_bucket,distributed,10.0,0.01,True,50,10.0,54.9,0.0,0.5484515484515484,0.0,0.45154845154845147,5.551115123125783e-17,0.9900000000000004,3.14018491736755e-17,0.9679428522161752,0.010623806570862777,97.4,1.2165525060596438
84,20,100.0,constant,leaky_bucket,distributed,10.0,0.03,True,50,10.0,54.9,0.0,0.5484515484515484,0.0,0.45154845154845147,5.551115123125783e-17,0.9900000000000005,1.1102230246251565e-16,0.9649206952711539,0.011907523930133208,94.68,2.7888348821685374
85,20,100.0,poisson,sliding_window,distributed,1.0,0.01,True,50,10.0,49.97200000000001,0.08953211714239721,0.4994202863221049,0.014289210766944652,0.5005797136778951,0.014289210766944647,0.001000000000000334,0.0,0.9625895054222486,0.010932095657486894,0.0,0.0
86,20,100.0,poisson,sliding_window,distributed,1.0,0.03,True,50,10.0,49.934,0.20259318843435925,0.4980023374657266,0.015364576710837418,0.5019976625342735,0.015364576710837408,0.001000000000000334,0.0,0.9667235690632876,0.008879046260909964,0.0,0.0
87,20,100.0,poisson,sliding_window,distributed,10.0,0.01,True,50,10.0,49.964,0.12289833196589815,0.4987203144047369,0.015264640745861209,0.501279685595263,0.015264640745861223,0.010000000000000009,0.0,0.9607923242796794,0.01111842247899387,0.0,0.0
88,20,100.0,poisson,sliding_window,distributed,10.0,0.03,True,50,10.0,49.918,0.19767650340897877,0.5016616149961909,0.015780340236876057,0.49833838500380906,0.015780340236876054,0.010000000000000009,0.0,0.963081876776121,0.012060420033691309,0.0,0.0
89,20,100.0,poisson,token_bucket,distributed,1.0,0.01,True,50,10.0,54.816,0.09871170143402354,0.5514034575115271,0.018805685613659088,0.4485965424884729,0.018805685613659095,0.001000000000000334,0.0,0.9658154909481276,0.01054036217472275,93.6,7.321202087089251
90,20,100.0,poisson,token_bucket,distributed,1.0,0.03,True,50,10.0,54.797999999999995,0.11574109036984138,0.5491742870737737,0.016068315109421763,0.4508257129262263,0.016068315109421766,0.001000000000000334,0.0,0.966540794398695,0.010961681492696726,92.28,8.447579534991073
91,20,100.0,poisson,token_bucket,distributed,10.0,0.01,True,50,10.0,54.785999999999994,0.10772186407596072,0.554828047897012,0.017544524013764752,0.445171952102988,0.017544524013764752,0.010000000000000009,0.0,0.9653876548182636,0.01261820083804328,94.04,6.41859797775184
92,20,100.0,poisson,token_bucket,distributed,10.0,0.03,True,50,10.0,54.836000000000006,0.07683749084919365,0.550038317388673,0.018185804967587968,0.44996168261132696,0.018185804967587964,0.010000000000000009,0.0,0.9669515809518481,0.010271582986084622,91.8,8.883692925805125
93,20,100.0,poisson,leaky_bucket,distributed,1.0,0.01,True,50,10.0,54.846,0.06390618123468145,0.548480401135041,0.016678510127972314,0.45151959886495896,0.016678510127972314,0.9802064082183507,0.00013484128992781506,0.9649877511113277,0.011687015086920386,95.08,5.617259118110896
94,20,100.0,poisson,leaky_bucket,distributed,1.0,0.03,True,50,10.0,54.794000000000004,0.09881295461628366,0.549426474455465,0.01654813206696762,0.450573525544535,0.01654813206696762,0.9801239607770093,0.00013141194426256756,0.9664683208304586,0.009040536347092877,93.92,6.311386535461127
95,20,100.0,poisson,leaky_bucket,distributed,10.0,0.01,True,50,10.0,54.843999999999994,0.08284926070883135,0.5480414148391725,0.018000514900281515,0.4519585851608275,0.01800051490028152,0.989167609903037,0.00016278332264679497,0.9673599902056809,0.010278117666922281,93.56,7.697168310489254
96,20,100.0,poisson,leaky_bucket,distributed,10.0,0.03,True,50,10.0,54.84399999999999,0.06681317235395969,0.5506631530028911,0.020238484542785935,0.44933684699710885,0.02023848454278594,0.9891190911526327,0.0001672465870210823,0.9652581985287132,0.009707887738848052,93.84,6.509562197260273
97,20,100.0,ramp,sliding_window,distributed,1.0,0.01,True,50,10.0,44.358000000000004,1.165348016688577,0.7068987664516713,0.023165094467383813,0.29310123354832884,0.023165094467383816,0.001000000000000334,0.0,0.9603869512484752,0.010958596771448644,0.0,0.0
98,20,100.0,ramp,sliding_window,distributed,1.0,0.03,True,50,10.0,43.978,0.8586710662413171,0.7059672649756255,0.023246921320324944,0.29403273502437455,0.02324692132032494,0.001000000000000334,0.0,0.9602374206198552,0.011020391071169802,0.0,0.0
99,20,100.0,ramp,sliding_window,distributed,10.0,0.01,True,50,10.0,44.264,0.8206728946419516,0.7029194396897027,0.025443558354229203,0.29708056031029706,0.025443558354229207,0.010000000000000009,0.0,0.9577961000398838,0.010740639307493244,0.0,0.0
100,20,100.0,ramp,sliding_window,distributed,10.0,0.03,True,50,10.0,43.844000000000015,0.9936115941352538,0.7044889626077706,0.02341919250183036,0.29551103739222934,0.02341919250183036,0.010000000000000009,0.0,0.9586563936426664,0.013983212710263643,0.0,0.0
101,20,100.0,ramp,token_bucket,distributed,1.0,0.01,True,50,10.0,49.93999999999999,1.03053384223906,0.7972801404715413,0.028589445623607608,0.20271985952845878,0.028589445623607608,0.001000000000000334,0.0,0.9637137092616536,0.013478706212508938,56.88,10.508358577817946
102,20,100.0,ramp,token_bucket,distributed,1.0,0.03,True,50,10.0,49.38400000000001,0.9387992330631721,0.7977416426692497,0.026650093026605967,0.20225835733075023,0.026650093026605967,0.001000000000000334,0.0,0.9616004168381934,0.013473744424485576,58.04,9.20425988333663
103,20,100.0,ramp,token_bucket,distributed,10.0,0.01,True,50,10.0,49.998000000000005,1.299305968584767,0.8021022887991661,0.025730841308116932,0.19789771120083371,0.02573084130811693,0.010000000000000009,0.0,0.9643486271783602,0.01081628041565885,56.4,8.380930735902785
104,20,100.0,ramp,token_bucket,distributed,10.0,0.03,True,50,10.0,49.60800000000001,1.1064971757758808,0.7928235344600771,0.028225432001479665,0.20717646553992264,0.028225432001479662,0.010000000000000009,0.0,0.9647495190213655,0.008431167727254612,57.88,9.350165773931499
105,20,100.0,ramp,leaky_bucket,distributed,1.0,0.01,True,50,10.0,49.934000000000005,1.127583256349614,0.8038789054076038,0.025192812025679547,0.19612109459239624,0.02519281202567953,0.9781028709036935,0.0007217657557538776,0.9644588479978365,0.00869872491732179,56.44,9.808486121721332
106,20,100.0,ramp,leaky_bucket,distributed,1.0,0.03,True,50,10.0,49.703999999999986,1.1560207610592466,0.7908145878867798,0.025244539497613485,0.20918541211322034,0.02524453949761348,0.9780433046989033,0.0007895187578741794,0.9639802925122867,0.011710517811080548,55.12,9.166547878018202
107,20,100.0,ramp,leaky_bucket,distributed,10.0,0.01,True,50,10.0,49.95,1.145120081039539,0.8054530039918935,0.03349632623518203,0.19454699600810652,0.033496326235182027,0.9868083193617584,0.0013221023458248277,0.9643313159230076,0.0109762857469159,54.76,8.762556704524085
108,20,100.0,ramp,leaky_bucket,distributed,10.0,0.03,True,50,10.0,49.514,0.9560355641920442,0.7897965430597467,0.026002750162714763,0.2102034569402533,0.026002750162714774,0.9870201748146286,0.0007160345694684504,0.960874371966653,0.012860200509385735,55.64,7.794254294029673
109,50,50.0,constant,sliding_window,distributed,1.0,0.01,True,50,10.0,49.14,0.2049390153191915,0.9808383233532934,0.0040905991081675004,0.019161676646706583,0.004090599108167505,0.001000000000000334,0.0,0.9076851471904489,0.018544377205712,0.0,0.0
110,50,50.0,constant,sliding_window,distributed,1.0,0.03,True,50,10.0,48.24,0.4223742416388575,0.962874251497006,0.008430623585605942,0.037125748502994015,0.008430623585605939,0.001000000000000334,0.0,0.909029594683121,0.016348652059575208,0.0,0.0
111,50,50.0,constant,sliding_window,distributed,10.0,0.01,True,50,10.0,49.07800000000001,0.1664812301732541,0.9796007984031935,0.0033229786461727254,0.020399201596806384,0.0033229786461727367,0.010000000000000009,0.0,0.9087063630685768,0.01792973285198079,0.0,0.0
112,50,50.0,constant,sliding_window,distributed,10.0,0.03,True,50,10.0,48.324,0.3614194239384486,0.9645508982035929,0.0072139605576536665,0.03544910179640718,0.007213960557653664,0.010000000000000009,0.0,0.9083105433117085,0.01735040500025645,0.0,0.0
113,50,50.0,constant,token_bucket,distributed,1.0,0.01,True,50,10.0,49.56600000000001,0.2388388578100304,0.9893413173652693,0.004767242670858887,0.010658682634730538,0.004767242670858894,0.001000000000000334,0.0,0.9118039282643928,0.014324079062041724,2.0,0.0
114,50,50.0,constant,token_bucket,distributed,1.0,0.03,True,50,10.0,48.654,0.3894663014947508,0.971137724550898,0.007773778472949101,0.02886227544910179,0.007773778472949114,0.001000000000000334,0.0,0.9102766987767992,0.014045211934243738,1.96,0.27999999999999997
115,50,50.0,constant,token_bucket,distributed,10.0,0.01,True,50,10.0,49.54200000000001,0.2490702712087491,0.9888622754491019,0.004971462499176625,0.011137724550898202,0.004971462499176635,0.010000000000000009,0.0,0.9069781053960447,0.01443640010797688,2.0,0.0
116,50,50.0,constant,token_bucket,distributed,10.0,0.03,True,50,10.0,48.64200000000001,0.3985423440489103,0.9708982035928143,0.007954937006964282,0.029101796407185628,0.007954937006964279,0.010000000000000009,0.0,0.9074815983191765,0.018141797479109215,1.92,0.39191835884530857
117,50,50.0,constant,leaky_bucket,distributed,1.0,0.01,True,50,10.0,49.604,0.18650469162999622,0.9900998003992015,0.0037226485355288594,0.009900199600798402,0.003722648535528867,0.001000000000000334,0.0,0.9113384428536289,0.013796792155656037,2.0,0.0
118,50,50.0,constant,leaky_bucket,distributed,1.0,0.03,True,50,10.0,48.574,0.4068464083656138,0.9695409181636727,0.00812068679372483,0.030459081836327347,0.008120686793724831,0.001000000000000334,0.0,0.9110512729444814,0.01650961952570303,1.84,0.5425863986500215
119,50,50.0,constant,leaky_bucket,distributed,10.0,0.01,True,50,10.0,49.571999999999996,0.22894540834006682,0.9894610778443115,0.004569768629542245,0.010538922155688624,0.004569768629542254,0.010000000000000009,0.0,0.9044358528032395,0.012835483945331228,1.96,0.27999999999999997
120,50,50.0,constant,leaky_bucket,distributed,10.0,0.03,True,50,10.0,48.538000000000004,0.3248938288118134,0.9688223552894212,0.006484906762710848,0.031177644710578843,0.006484906762710849,0.010000000000000009,0.0,0.9108002541664425,0.01599302246387305,1.92,0.39191835884530857
121,50,50.0,poisson,sliding_window,distributed,1.0,0.01,True,50,10.0,44.888000000000005,0.973168022491491,0.8978815896473988,0.021061009908821145,0.1021184103526013,0.021061009908821145,0.001000000000000334,0.0,0.9039129656578041,0.017830166380043522,0.0,0.0
122,50,50.0,poisson,sliding_window,distributed,1.0,0.03,True,50,10.0,44.582,1.1971115236267673,0.886525140420947,0.02572557348405196,0.1134748595790531,0.025725573484051956,0.001000000000000334,0.0,0.9015355736306064,0.018188410874480178,0.0,0.0
123,50,50.0,poisson,sliding_window,distributed,10.0,0.01,True,50,10.0,44.724,0.913139638828586,0.9011187158069469,0.028344739638541602,0.0988812841930532,0.02834473963854161,0.010000000000000009,0.0,0.9001292510807838,0.01921197523080524,0.0,0.0
124,50,50.0,poisson,sliding_window,distributed,10.0,0.03,True,50,10.0,44.162,1.0674998829039748,0.89181449524896,0.027326871785071604,0.10818550475104015,0.027326871785071608,0.010000000000000009,0.0,0.9055809542080169,0.018747113571459674,0.0,0.0
125,50,50.0,poisson,token_bucket,distributed,1.0,0.01,True,50,10.0,49.296000000000014,2.3846978844289697,0.9894736063950049,0.005457137211812054,0.010526393604995079,0.00545713721181205,0.001000000000000334,0.0,0.9093589728720004,0.01918110545130981,31.36,9.046015697532257
126,50,50.0,poisson,token_bucket,distributed,1.0,0.03,True,50,10.0,48.68200000000001,2.5127427245939846,0.9677790487797906,0.009007435721129246,0.032220951220209446,0.009007435721129258,0.001000000000000334,0.0,0.9119152531305014,0.014187875937275147,29.76,9.513274935583436
127,50,50.0,poisson,token_bucket,distributed,10.0,0.01,True,50,10.0,49.53799999999999,1.8335637430970326,0.9903108871675252,0.004380151949085705,0.009689112832474873,0.0043801519490857125,0.010000000000000009,0.0,0.9073245979613719,0.017092318708348958,29.76,8.291103665978373
128,50,50.0,poisson,token_bucket,distributed,10.0,0.03,True,50,10.0,48.282,2.0914769900718486,0.967629594189469,0.009968150740956095,0.032370405810530974,0.009968150740956104,0.010000000000000009,0.0,0.9064315609520516,0.01975173973538233,27.56,9.053529698410449
129,50,50.0,poisson,leaky_bucket,distributed,1.0,0.01,True,50,10.0,49.852,2.1269922425810583,0.9887713867562832,0.003975356397665458,0.01122861324371673,0.003975356397665463,0.4501310721132614,0.1927497214281421,0.9149153251710734,0.016074713843826735,33.56,10.471217694232127
130,50,50.0,poisson,leaky_bucket,distributed,1.0,0.03,True,50,10.0,48.346000000000004,2.0219010856122512,0.9697673731787446,0.007615466483505772,0.0302326268212554,0.007615466483505769,0.32854148715025877,0.14322677899335054,0.9131418769798669,0.017910838651253265,29.84,9.06721566965295
131,50,50.0,poisson,leaky_bucket,distributed,10.0,0.01,True,50,10.0,49.512,2.7251891677459743,0.9897832332384374,0.005166937664651539,0.010216766761562596,0.005166937664651529,0.42599570307166684,0.23491069810418003,0.9086894699971739,0.015313522720972817,29.84,8.987457927578854
132,50,50.0,poisson,leaky_bucket,distributed,10.0,0.03,True,50,10.0,48.096000000000004,2.138406883640249,0.9673420609772712,0.007670395362731425,0.03265793902272875,0.007670395362731433,0.36285863469469476,0.16498321856346168,0.9084876246778643,0.014528527009641115,30.0,10.166612021711067
133,50,50.0,ramp,sliding_window,distributed,1.0,0.01,True,50,10.0,30.03,1.5344380078712856,0.971225935650458,0.016512759479339906,0.028774064349541863,0.016512759479339906,0.001000000000000334,0.0,0.8617815983531801,0.021411743620557703,0.0,0.0
134,50,50.0,ramp,sliding_window,distributed,1.0,0.03,True,50,10.0,30.024,1.6426271640271874,0.951319071711357,0.01788990259066828,0.048680928288643094,0.01788990259066828,0.001000000000000334,0.0,0.8576484385635945,0.023912667653102394,0.0,0.0
135,50,50.0,ramp,sliding_window,distributed,10.0,0.01,True,50,10.0,30.064000000000007,1.4491045510935365,0.974116783350085,0.015723160874949363,0.02588321664991493,0.015723160874949363,0.010000000000000009,0.0,0.8633642747716541,0.025697855975856446,0.0,0.0
136,50,50.0,ramp,sliding_window,distributed,10.0,0.03,True,50,10.0,29.592,1.7768331379170077,0.9551385790363347,0.017062432303770712,0.04486142096366536,0.017062432303770712,0.010000000000000009,0.0,0.859615766833132,0.027203221432755217,0.0,0.0
137,50,50.0,ramp,token_bucket,distributed,1.0,0.01,True,50,10.0,30.819999999999997,1.6302147097851865,0.989473986011602,0.005282487087014334,0.010526013988398135,0.005282487087014334,0.001000000000000334,0.0,0.8645783782576727,0.019336474355522975,7.92,8.943914131967055
138,50,50.0,ramp,token_bucket,distributed,1.0,0.03,True,50,10.0,29.996,1.7822412855727479,0.9704266342135561,0.008686218513430235,0.029573365786443873,0.00868621851343023,0.001000000000000334,0.0,0.859292495413619,0.027916632402093345,7.32,7.864960266905358
139,50,50.0,ramp,token_bucket,distributed,10.0,0.01,True,50,10.0,30.846,1.6847801043459651,0.9902271437220358,0.006439931546048409,0.009772856277964313,0.00643993154604841,0.010000000000000009,0.0,0.8582146784750782,0.02483841750919192,9.16,8.63564705161113
140,50,50.0,ramp,token_bucket,distributed,10.0,0.03,True,50,10.0,30.66,1.6441411131651684,0.9692526279258257,0.011704145283053706,0.030747372074174262,0.01170414528305371,0.010000000000000009,0.0,0.8609501253038156,0.01853331811395047,8.48,6.92312068362238
141,50,50.0,ramp,leaky_bucket,distributed,1.0,0.01,True,50,10.0,30.58,1.7919821427681695,0.9896500776953999,0.005126908343272421,0.010349922304600056,0.005126908343272422,0.12024133577941809,0.06085570427350627,0.8604850767531382,0.025118355038039407,9.32,8.538009135624065
142,50,50.0,ramp,leaky_bucket,distributed,1.0,0.03,True,50,10.0,30.290000000000006,1.9530744993471192,0.9688226518538553,0.008755914710198587,0.03117734814614462,0.00875591471019859,0.11571939448819366,0.06266744069908164,0.8601309130341103,0.02418211618967121,8.68,9.082818945679804
143,50,50.0,ramp,leaky_bucket,distributed,10.0,0.01,True,50,10.0,30.989999999999995,2.0349201458533948,0.9904996009988287,0.005830505052680371,0.009500399001171266,0.005830505052680369,0.12009657835770517,0.04683255854963545,0.8609792066816699,0.0276102874987837,7.8,7.717512552629895
144,50,50.0,ramp,leaky_bucket,distributed,10.0,0.03,True,50,10.0,30.298,1.646996053425751,0.9704512382362267,0.007861835625554559,0.02954876176377331,0.007861835625554562,0.12791286096632073,0.05732175754242435,0.8554991739745738,0.025661130341654945,8.52,7.692177845057927
145,50,100.0,constant,sliding_window,distributed,1.0,0.01,True,50,10.0,50.0,0.0,0.4995004995004995,0.0,0.5004995004995005,0.0,0.001000000000000334,0.0,0.9105345040764522,0.015727413613125317,0.0,0.0
146,50,100.0,constant,sliding_window,distributed,1.0,0.03,True,50,10.0,50.0,0.0,0.4995004995004995,0.0,0.5004995004995005,0.0,0.001000000000000334,0.0,0.9126396493618977,0.01665693261247764,0.0,0.0
147,50,100.0,constant,sliding_window,distributed,10.0,0.01,True,50,10.0,50.0,0.0,0.4995004995004995,0.0,0.5004995004995005,0.0,0.010000000000000009,0.0,0.9105171217467738,0.017568880638250038,0.0,0.0
148,50,100.0,constant,sliding_window,distributed,10.0,0.03,True,50,10.0,50.0,0.0,0.4995004995004995,0.0,0.5004995004995005,0.0,0.010000000000000009,0.0,0.9115575459014803,0.016866573877237872,0.0,0.0
149,50,100.0,constant,token_bucket,distributed,1.0,0.01,True,50,10.0,54.9,0.0,0.5484515484515484,0.0,0.45154845154845147,5.551115123125783e-17,0.001000000000000334,0.0,0.9196009967099801,0.018044184911021183,97.44,1.061319932913728
150,50,100.0,constant,token_bucket,distributed,1.0,0.03,True,50,10.0,54.9,0.0,0.5484515484515484,0.0,0.45154845154845147,5.551115123125783e-17,0.001000000000000334,0.0,0.9188116875026741,0.014173975793065147,94.32,2.7527440854536405
151,50,100.0,constant,token_bucket,distributed,10.0,0.01,True,50,10.0,54.9,0.0,0.5484515484515484,0.0,0.45154845154845147,5.551115123125783e-17,0.010000000000000009,0.0,0.9200807758362245,0.015459724400909277,97.24,1.4361058456812992
152,50,100.0,constant,token_bucket,distributed,10.0,0.03,True,50,10.0,54.9,0.0,0.5484515484515484,0.0,0.45154845154845147,5.551115123125783e-17,0.010000000000000009,0.0,0.9210880331203198,0.015384230745041721,94.56,2.6545056036859296
153,50,100.0,constant,leaky_bucket,distributed,1.0,0.01,True,50,10.0,54.9,0.0,0.5484515484515484,0.0,0.45154845154845147,5.551115123125783e-17,0.9810000000000006,1.1102230246251565e-16,0.9183247377754511,0.01093434091016056,97.04,1.6608431593621356
154,50,100.0,constant,leaky_bucket,distributed,1.0,0.03,True,50,10.0,54.9,0.0,0.5484515484515484,0.0,0.45154845154845147,5.551115123125783e-17,0.9810000000000006,1.1102230246251565e-16,0.9175396370368651,0.016868367544428452,93.76,3.361904222312111
155,50,100.0,constant,leaky_bucket,distributed,10.0,0.01,True,50,10.0,54.9,0.0,0.5484515484515484,0.0,0.45154845154845147,5.551115123125783e-17,0.9900000000000004,0.0,0.9172983849044353,0.013083800065819069,97.52,1.2367699866992246
156,50,100.0,constant,leaky_bucket,distributed,10.0,0.03,True,50,10.0,54.9,0.0,0.5484515484515484,0.0,0.45154845154845147,5.551115123125783e-17,0.9900000000000004,3.14018491736755e-17,0.9186983949387448,0.013730595429709608,94.24,2.7317393726342196
157,50,100.0,poisson,sliding_window,distributed,1.0,0.01,True,50,10.0,49.898,0.24206610667336315,0.4983873358080174,0.014326935260115125,0.5016126641919826,0.01432693526011512,0.001000000000000334,0.0,0.9126781806070156,0.014974107825750982,0.0,0.0
158,50,100.0,poisson,sliding_window,distributed,1.0,0.03,True,50,10.0,49.955999999999996,0.12674383614203888,0.49874976320483866,0.01799938522844298,0.5012502367951613,0.017999385228442983,0.001000000000000334,0.0,0.9102912697722094,0.014945597531048026,0.0,0.0
159,50,100.0,poisson,sliding_window,distributed,10.0,0.01,True,50,10.0,49.926,0.20475351034841832,0.5004431707820791,0.013146968337816384,0.4995568292179209,0.013146968337816388,0.010000000000000009,0.0,0.916074358925568,0.016013359556713,0.0,0.0
160,50,100.0,poisson,sliding_window,distributed,10.0,0.03,True,50,10.0,49.906000000000006,0.23013908837917962,0.5036634163615766,0.01670657231118543,0.49633658363842337,0.016706572311185428,0.010000000000000009,0.0,0.9122465878398917,0.015076990077637483,0.0,0.0
161,50,100.0,poisson,token_bucket,distributed,1.0,0.01,True,50,10.0,54.82200000000001,0.09651942809610843,0.5486267304554377,0.01523813983492139,0.4513732695445622,0.015238139834921397,0.001000000000000334,0.0,0.9132710881873232,0.013996641980754369,93.76,7.617243595947289
162,50,100.0,poisson,token_bucket,distributed,1.0,0.03,True,50,10.0,54.826,0.09340235543068412,0.5510303248578254,0.015603446536752157,0.4489696751421745,0.015603446536752155,0.001000000000000334,0.0,0.9152779365806412,0.016213946817310972,91.88,7.303807226371737
163,50,100.0,poisson,token_bucket,distributed,10.0,0.01,True,50,10.0,54.808,0.10740577265677928,0.5508334314919687,0.014673634138216804,0.4491665685080312,0.01467363413821681,0.010000000000000009,0.0,0.9197401430132376,0.015287569544669375,94.2,5.6178287620752565
164,50,100.0,poisson,token_bucket,distributed,10.0,0.03,True,50,10.0,54.834,0.09079647570252916,0.5478106786585156,0.014414254178204168,0.4521893213414845,0.014414254178204175,0.010000000000000009,0.0,0.9136950246211814,0.011562526177602147,93.16,6.836256285424063
165,50,100.0,poisson,leaky_bucket,distributed,1.0,0.01,True,50,10.0,54.84000000000001,0.07211102550927959,0.5479211200687178,0.016382828294195018,0.4520788799312821,0.016382828294195018,0.9801578892967951,0.00014664876798133015,0.9199906211497799,0.01382515501824425,91.16,8.227660663882535
166,50,100.0,poisson,leaky_bucket,distributed,1.0,0.03,True,50,10.0,54.83000000000001,0.0806225774829844,0.5494634161278836,0.016502939107386948,0.4505365838721163,0.016502939107386948,0.980159094462274,0.00016296364479655094,0.9184762105305118,0.017308999494744116,93.6,7.451174404078864
167,50,100.0,poisson,leaky_bucket,distributed,10.0,0.01,True,50,10.0,54.792,0.10361467077590769,0.541518171642294,0.014614238398607109,0.458481828357706,0.014614238398607106,0.9891946354607128,0.00016113398299253662,0.9177409022616437,0.012415213153584912,95.12,4.421040601487392
168,50,100.0,poisson,leaky_bucket,distributed,10.0,0.03,True,50,10.0,54.80200000000001,0.11043550153822741,0.5427108124828596,0.01747722747660095,0.4572891875171404,0.01747722747660095,0.9890980059696739,0.0001770231860778232,0.9183228679681227,0.015733300922616628,92.76,7.69300981411047
169,50,100.0,ramp,sliding_window,distributed,1.0,0.01,True,50,10.0,44.16000000000001,0.9342376571301325,0.708295511488241,0.02238033396860737,0.29170448851175906,0.022380333968607363,0.001000000000000334,0.0,0.9047989111720404,0.012993567989258213,0.0,0.0
170,50,100.0,ramp,sliding_window,distributed,1.0,0.03,True,50,10.0,43.872,1.2096346555882072,0.698158778747231,0.022305818899630205,0.3018412212527689,0.022305818899630188,0.001000000000000334,0.0,0.9000223482823532,0.018211291944039844,0.0,0.0
171,50,100.0,ramp,sliding_window,distributed,10.0,0.01,True,50,10.0,44.374,0.8494256883330049,0.7009848585332218,0.02643095687313803,0.2990151414667783,0.02643095687313803,0.010000000000000009,0.0,0.8984490743364887,0.015087017449594438,0.0,0.0
172,50,100.0,ramp,sliding_window,distributed,10.0,0.03,True,50,10.0,43.93,1.1370576062803504,0.6995811217065813,0.020508212066959856,0.3004188782934188,0.020508212066959852,0.010000000000000009,0.0,0.8985404809700871,0.01747684200045168,0.0,0.0
173,50,100.0,ramp,token_bucket,distributed,1.0,0.01,True,50,10.0,49.732,1.09734953410479,0.8050751799457407,0.033295763811848525,0.19492482005425935,0.033295763811848525,0.001000000000000334,0.0,0.9098711666429458,0.017909288381077595,57.28,9.885423612572199
174,50,100.0,ramp,token_bucket,distributed,1.0,0.03,True,50,10.0,49.35,1.050571273165224,0.793174906460646,0.026237006797189582,0.20682509353935394,0.026237006797189575,0.001000000000000334,0.0,0.9082431996804288,0.01442211679412358,56.76,9.328579741847095
175,50,100.0,ramp,token_bucket,distributed,10.0,0.01,True,50,10.0,50.00200000000001,1.1116636181867245,0.7922652576159188,0.03031160719355484,0.2077347423840811,0.03031160719355484,0.010000000000000009,0.0,0.9116899855910594,0.016036032859583563,59.32,9.0120807808186
176,50,100.0,ramp,token_bucket,distributed,10.0,0.03,True,50,10.0,49.378000000000014,1.2161069031956029,0.7906188119125619,0.03167952257415643,0.20938118808743814,0.031679522574156425,0.010000000000000009,0.0,0.9083189910121835,0.01700860318317969,57.84,10.290500473737904
177,50,100.0,ramp,leaky_bucket,distributed,1.0,0.01,True,50,10.0,49.897999999999996,0.9306965133704972,0.8013461691379986,0.024310187785973693,0.19865383086200145,0.024310187785973696,0.9780759074079656,0.0006687991434173473,0.9094098791737764,0.014680122164712397,57.76,7.543367948072001
178,50,100.0,ramp,leaky_bucket,distributed,1.0,0.03,True,50,10.0,49.864,1.1897495534775373,0.8028107893301221,0.029265423407942644,0.19718921066987793,0.029265423407942654,0.9777265729611048,0.0008505456398542829,0.9046362109949844,0.018681368250973777,55.2,10.792590050585634
179,50,100.0,ramp,leaky_bucket,distributed,10.0,0.01,True,50,10.0,49.908,1.241424987665384,0.7928813297581259,0.026351145619477653,0.20711867024187414,0.02635114561947766,0.9871179570278548,0.0006705778008478705,0.9103311844027132,0.015797746775809595,55.12,8.30575703954793
180,50,100.0,ramp,leaky_bucket,distributed,10.0,0.03,True,50,10.0,49.722,1.1428543214250886,0.79101209034981,0.025494130393429154,0.20898790965019004,0.025494130393429158,0.9869834141064351,0.0008239061096433424,0.9051000603363779,0.014027834877411464,54.76,9.233764129541104
